{
  "combined_score": 193.75263718031445,
  "correctness": 1.0,
  "correct_datasets": 5,
  "total_datasets": 5,
  "avg_compression_ratio": 0.45197639062779466,
  "char_savings_pct": 54.80236093722053,
  "avg_token_ratio": 0.5552486187845304,
  "token_savings_pct": 44.47513812154696,
  "avg_time_ms": 0.08625984191894531,
  "avg_compress_time_ms": 0.056619644165039056,
  "avg_decompress_time_ms": 0.029640197753906253,
  "performance_penalty": 0,
  "total_original_chars": 5591,
  "total_compressed_chars": 2527,
  "total_original_tokens": 1448,
  "total_compressed_tokens": 804,
  "version": "v24",
  "evaluated_at": "2025-12-09T17:50:27.366244",
  "path": "versions/v24.py"
}