{
  "combined_score": 200.03265903864832,
  "correctness": 1.0,
  "correct_datasets": 5,
  "total_datasets": 5,
  "avg_compression_ratio": 0.4333750670720801,
  "char_savings_pct": 56.66249329279198,
  "avg_token_ratio": 0.5331491712707183,
  "token_savings_pct": 46.68508287292818,
  "avg_time_ms": 0.07762908935546875,
  "avg_compress_time_ms": 0.049877166748046875,
  "avg_decompress_time_ms": 0.027751922607421875,
  "performance_penalty": 0,
  "total_original_chars": 5591,
  "total_compressed_chars": 2423,
  "total_original_tokens": 1448,
  "total_compressed_tokens": 772,
  "version": "v5",
  "evaluated_at": "2025-12-09T17:36:38.921321",
  "path": "versions/v5.py"
}