{
  "combined_score": 200.03265903864832,
  "correctness": 1.0,
  "correct_datasets": 5,
  "total_datasets": 5,
  "avg_compression_ratio": 0.4333750670720801,
  "char_savings_pct": 56.66249329279198,
  "avg_token_ratio": 0.5331491712707183,
  "token_savings_pct": 46.68508287292818,
  "avg_time_ms": 0.07824897766113281,
  "avg_compress_time_ms": 0.05164146423339844,
  "avg_decompress_time_ms": 0.026607513427734375,
  "performance_penalty": 0,
  "total_original_chars": 5591,
  "total_compressed_chars": 2423,
  "total_original_tokens": 1448,
  "total_compressed_tokens": 772,
  "version": "v7",
  "evaluated_at": "2025-12-09T17:36:39.535655",
  "path": "versions/v7.py"
}